<?xml version="1.0" encoding="UTF-8"?>
<project-private xmlns="http://www.netbeans.org/ns/project-private/1">
    <editor-bookmarks xmlns="http://www.netbeans.org/ns/editor-bookmarks/2" lastBookmarkId="0"/>
    <open-files xmlns="http://www.netbeans.org/ns/projectui-open-files/2">
        <group>
            <file>file:/C:/Users/Bethany/Documents/NetBeansProjects/Beth%20Culler%20C482%20Project%20Assessment/src/View_Controller/AddProductScreenController.java</file>
            <file>file:/C:/Users/Bethany/Documents/NetBeansProjects/Beth%20Culler%20C482%20Project%20Assessment/src/View_Controller/AddPartScreenController.java</file>
            <file>file:/C:/Users/Bethany/Documents/NetBeansProjects/Beth%20Culler%20C482%20Project%20Assessment/src/View_Controller/AddProductScreen.fxml</file>
            <file>file:/C:/Users/Bethany/Documents/NetBeansProjects/Beth%20Culler%20C482%20Project%20Assessment/src/View_Controller/MainScreen.fxml</file>
            <file>file:/C:/Users/Bethany/Documents/NetBeansProjects/Beth%20Culler%20C482%20Project%20Assessment/src/View_Controller/MainScreenController.java</file>
        </group>
    </open-files>
</project-private>
